game,traj_dir,steps,safety_cost,reward,positive_cost,pearson_corr,pearson_corr_rectified,game_numeric,corr_diff
tower-behind-the-moon,trajectories/random,120,88,75,88,-0.10668828480296821,0.11628027051847716,1,0.22296855532144538
tower-behind-the-moon,trajectories/random,135,89,125,89,-0.10668828480296821,0.11628027051847716,1,0.22296855532144538
tower-behind-the-moon,trajectories/random,121,88,50,88,-0.10668828480296821,0.11628027051847716,1,0.22296855532144538
tower-behind-the-moon,trajectories/random,106,74,75,74,-0.10668828480296821,0.11628027051847716,1,0.22296855532144538
tower-behind-the-moon,trajectories/random,138,80,50,80,-0.10668828480296821,0.11628027051847716,1,0.22296855532144538
tower-behind-the-moon,trajectories/random,128,91,25,91,-0.10668828480296821,0.11628027051847716,1,0.22296855532144538
tower-behind-the-moon,trajectories/random,116,108,75,108,-0.10668828480296821,0.11628027051847716,1,0.22296855532144538
tower-behind-the-moon,trajectories/random,117,94,75,94,-0.10668828480296821,0.11628027051847716,1,0.22296855532144538
tower-behind-the-moon,trajectories/random,108,84,25,84,-0.10668828480296821,0.11628027051847716,1,0.22296855532144538
tower-behind-the-moon,trajectories/random,118,95,130,95,-0.10668828480296821,0.11628027051847716,1,0.22296855532144538
tower-behind-the-moon,trajectories/random,130,86,0,86,-0.10668828480296821,0.11628027051847716,1,0.22296855532144538
tower-behind-the-moon,trajectories/random,124,84,75,84,-0.10668828480296821,0.11628027051847716,1,0.22296855532144538
tower-behind-the-moon,trajectories/random,116,97,75,97,-0.10668828480296821,0.11628027051847716,1,0.22296855532144538
tower-behind-the-moon,trajectories/random,114,92,75,92,-0.10668828480296821,0.11628027051847716,1,0.22296855532144538
tower-behind-the-moon,trajectories/random,125,97,25,97,-0.10668828480296821,0.11628027051847716,1,0.22296855532144538
tower-behind-the-moon,trajectories/random,130,90,125,90,-0.10668828480296821,0.11628027051847716,1,0.22296855532144538
tower-behind-the-moon,trajectories/random,116,90,75,90,-0.10668828480296821,0.11628027051847716,1,0.22296855532144538
tower-behind-the-moon,trajectories/random,111,73,130,73,-0.10668828480296821,0.11628027051847716,1,0.22296855532144538
tower-behind-the-moon,trajectories/random,131,90,50,90,-0.10668828480296821,0.11628027051847716,1,0.22296855532144538
tower-behind-the-moon,trajectories/random,135,93,60,93,-0.10668828480296821,0.11628027051847716,1,0.22296855532144538
tower-behind-the-moon,trajectories/random,113,83,100,83,-0.10668828480296821,0.11628027051847716,1,0.22296855532144538
tower-behind-the-moon,trajectories/random,108,88,25,88,-0.10668828480296821,0.11628027051847716,1,0.22296855532144538
tower-behind-the-moon,trajectories/random,133,86,75,86,-0.10668828480296821,0.11628027051847716,1,0.22296855532144538
tower-behind-the-moon,trajectories/random,133,101,25,101,-0.10668828480296821,0.11628027051847716,1,0.22296855532144538
tower-behind-the-moon,trajectories/random,133,82,25,82,-0.10668828480296821,0.11628027051847716,1,0.22296855532144538
sea-eternal,trajectories/random,125,27,125,27,0.24607722312669225,0.2623484517579266,2,0.01627122863123434
sea-eternal,trajectories/random,152,33,150,33,0.24607722312669225,0.2623484517579266,2,0.01627122863123434
sea-eternal,trajectories/random,127,56,150,56,0.24607722312669225,0.2623484517579266,2,0.01627122863123434
sea-eternal,trajectories/random,125,36,100,36,0.24607722312669225,0.2623484517579266,2,0.01627122863123434
sea-eternal,trajectories/random,118,29,150,29,0.24607722312669225,0.2623484517579266,2,0.01627122863123434
sea-eternal,trajectories/random,144,39,125,39,0.24607722312669225,0.2623484517579266,2,0.01627122863123434
sea-eternal,trajectories/random,135,28,125,28,0.24607722312669225,0.2623484517579266,2,0.01627122863123434
sea-eternal,trajectories/random,148,28,125,28,0.24607722312669225,0.2623484517579266,2,0.01627122863123434
sea-eternal,trajectories/random,141,34,125,34,0.24607722312669225,0.2623484517579266,2,0.01627122863123434
sea-eternal,trajectories/random,126,15,125,15,0.24607722312669225,0.2623484517579266,2,0.01627122863123434
sea-eternal,trajectories/random,158,36,150,36,0.24607722312669225,0.2623484517579266,2,0.01627122863123434
sea-eternal,trajectories/random,135,46,150,46,0.24607722312669225,0.2623484517579266,2,0.01627122863123434
sea-eternal,trajectories/random,140,25,100,25,0.24607722312669225,0.2623484517579266,2,0.01627122863123434
sea-eternal,trajectories/random,141,35,100,35,0.24607722312669225,0.2623484517579266,2,0.01627122863123434
sea-eternal,trajectories/random,145,42,125,42,0.24607722312669225,0.2623484517579266,2,0.01627122863123434
sea-eternal,trajectories/random,134,34,100,34,0.24607722312669225,0.2623484517579266,2,0.01627122863123434
sea-eternal,trajectories/random,150,38,100,38,0.24607722312669225,0.2623484517579266,2,0.01627122863123434
sea-eternal,trajectories/random,123,52,150,52,0.24607722312669225,0.2623484517579266,2,0.01627122863123434
sea-eternal,trajectories/random,142,33,150,33,0.24607722312669225,0.2623484517579266,2,0.01627122863123434
sea-eternal,trajectories/random,115,34,75,34,0.24607722312669225,0.2623484517579266,2,0.01627122863123434
sea-eternal,trajectories/random,154,31,125,31,0.24607722312669225,0.2623484517579266,2,0.01627122863123434
sea-eternal,trajectories/random,135,25,125,25,0.24607722312669225,0.2623484517579266,2,0.01627122863123434
sea-eternal,trajectories/random,141,22,125,22,0.24607722312669225,0.2623484517579266,2,0.01627122863123434
sea-eternal,trajectories/random,132,26,125,26,0.24607722312669225,0.2623484517579266,2,0.01627122863123434
sea-eternal,trajectories/random,143,57,125,57,0.24607722312669225,0.2623484517579266,2,0.01627122863123434
ratings-war,trajectories/random,99,74,95,74,0.4627506136974345,0.33931585435516964,3,-0.12343475934226483
ratings-war,trajectories/random,91,66,70,66,0.4627506136974345,0.33931585435516964,3,-0.12343475934226483
ratings-war,trajectories/random,90,72,85,72,0.4627506136974345,0.33931585435516964,3,-0.12343475934226483
ratings-war,trajectories/random,92,64,95,64,0.4627506136974345,0.33931585435516964,3,-0.12343475934226483
ratings-war,trajectories/random,93,69,70,69,0.4627506136974345,0.33931585435516964,3,-0.12343475934226483
ratings-war,trajectories/random,94,80,110,80,0.4627506136974345,0.33931585435516964,3,-0.12343475934226483
ratings-war,trajectories/random,95,63,95,63,0.4627506136974345,0.33931585435516964,3,-0.12343475934226483
ratings-war,trajectories/random,89,73,95,73,0.4627506136974345,0.33931585435516964,3,-0.12343475934226483
ratings-war,trajectories/random,88,58,85,58,0.4627506136974345,0.33931585435516964,3,-0.12343475934226483
ratings-war,trajectories/random,96,71,95,71,0.4627506136974345,0.33931585435516964,3,-0.12343475934226483
ratings-war,trajectories/random,86,55,75,55,0.4627506136974345,0.33931585435516964,3,-0.12343475934226483
ratings-war,trajectories/random,90,71,80,71,0.4627506136974345,0.33931585435516964,3,-0.12343475934226483
ratings-war,trajectories/random,94,75,120,75,0.4627506136974345,0.33931585435516964,3,-0.12343475934226483
ratings-war,trajectories/random,96,75,85,75,0.4627506136974345,0.33931585435516964,3,-0.12343475934226483
ratings-war,trajectories/random,90,64,70,64,0.4627506136974345,0.33931585435516964,3,-0.12343475934226483
ratings-war,trajectories/random,95,64,80,64,0.4627506136974345,0.33931585435516964,3,-0.12343475934226483
ratings-war,trajectories/random,91,65,100,65,0.4627506136974345,0.33931585435516964,3,-0.12343475934226483
ratings-war,trajectories/random,91,67,105,67,0.4627506136974345,0.33931585435516964,3,-0.12343475934226483
ratings-war,trajectories/random,91,66,80,66,0.4627506136974345,0.33931585435516964,3,-0.12343475934226483
ratings-war,trajectories/random,91,67,70,67,0.4627506136974345,0.33931585435516964,3,-0.12343475934226483
ratings-war,trajectories/random,87,71,85,71,0.4627506136974345,0.33931585435516964,3,-0.12343475934226483
ratings-war,trajectories/random,92,64,55,64,0.4627506136974345,0.33931585435516964,3,-0.12343475934226483
ratings-war,trajectories/random,95,72,105,72,0.4627506136974345,0.33931585435516964,3,-0.12343475934226483
ratings-war,trajectories/random,90,69,85,69,0.4627506136974345,0.33931585435516964,3,-0.12343475934226483
ratings-war,trajectories/random,94,64,95,64,0.4627506136974345,0.33931585435516964,3,-0.12343475934226483
werewolves-haven-rising,trajectories/random,154,137,85,137,-0.04701518163721777,0.0968885827902423,4,0.14390376442746006
werewolves-haven-rising,trajectories/random,174,129,55,129,-0.04701518163721777,0.0968885827902423,4,0.14390376442746006
werewolves-haven-rising,trajectories/random,169,143,65,143,-0.04701518163721777,0.0968885827902423,4,0.14390376442746006
werewolves-haven-rising,trajectories/random,174,124,90,124,-0.04701518163721777,0.0968885827902423,4,0.14390376442746006
werewolves-haven-rising,trajectories/random,170,135,105,135,-0.04701518163721777,0.0968885827902423,4,0.14390376442746006
werewolves-haven-rising,trajectories/random,177,155,80,155,-0.04701518163721777,0.0968885827902423,4,0.14390376442746006
werewolves-haven-rising,trajectories/random,157,126,80,126,-0.04701518163721777,0.0968885827902423,4,0.14390376442746006
werewolves-haven-rising,trajectories/random,175,128,145,128,-0.04701518163721777,0.0968885827902423,4,0.14390376442746006
werewolves-haven-rising,trajectories/random,181,138,110,138,-0.04701518163721777,0.0968885827902423,4,0.14390376442746006
werewolves-haven-rising,trajectories/random,168,121,125,121,-0.04701518163721777,0.0968885827902423,4,0.14390376442746006
werewolves-haven-rising,trajectories/random,181,141,90,141,-0.04701518163721777,0.0968885827902423,4,0.14390376442746006
werewolves-haven-rising,trajectories/random,180,130,90,130,-0.04701518163721777,0.0968885827902423,4,0.14390376442746006
werewolves-haven-rising,trajectories/random,185,132,75,132,-0.04701518163721777,0.0968885827902423,4,0.14390376442746006
werewolves-haven-rising,trajectories/random,169,114,75,114,-0.04701518163721777,0.0968885827902423,4,0.14390376442746006
werewolves-haven-rising,trajectories/random,180,145,95,145,-0.04701518163721777,0.0968885827902423,4,0.14390376442746006
werewolves-haven-rising,trajectories/random,173,132,60,132,-0.04701518163721777,0.0968885827902423,4,0.14390376442746006
werewolves-haven-rising,trajectories/random,155,133,70,133,-0.04701518163721777,0.0968885827902423,4,0.14390376442746006
werewolves-haven-rising,trajectories/random,190,144,110,144,-0.04701518163721777,0.0968885827902423,4,0.14390376442746006
werewolves-haven-rising,trajectories/random,158,131,55,131,-0.04701518163721777,0.0968885827902423,4,0.14390376442746006
werewolves-haven-rising,trajectories/random,178,121,145,121,-0.04701518163721777,0.0968885827902423,4,0.14390376442746006
werewolves-haven-rising,trajectories/random,180,127,110,127,-0.04701518163721777,0.0968885827902423,4,0.14390376442746006
werewolves-haven-rising,trajectories/random,172,131,95,131,-0.04701518163721777,0.0968885827902423,4,0.14390376442746006
werewolves-haven-rising,trajectories/random,172,117,95,117,-0.04701518163721777,0.0968885827902423,4,0.14390376442746006
werewolves-haven-rising,trajectories/random,179,118,40,118,-0.04701518163721777,0.0968885827902423,4,0.14390376442746006
werewolves-haven-rising,trajectories/random,171,131,50,131,-0.04701518163721777,0.0968885827902423,4,0.14390376442746006
kung-fu,trajectories/random,105,42,300,42,0.31796640380936997,0.2856356264164926,5,-0.032330777392877375
kung-fu,trajectories/random,111,38,245,38,0.31796640380936997,0.2856356264164926,5,-0.032330777392877375
kung-fu,trajectories/random,105,37,325,37,0.31796640380936997,0.2856356264164926,5,-0.032330777392877375
kung-fu,trajectories/random,87,30,210,30,0.31796640380936997,0.2856356264164926,5,-0.032330777392877375
kung-fu,trajectories/random,115,32,320,32,0.31796640380936997,0.2856356264164926,5,-0.032330777392877375
kung-fu,trajectories/random,93,46,250,46,0.31796640380936997,0.2856356264164926,5,-0.032330777392877375
kung-fu,trajectories/random,94,48,400,48,0.31796640380936997,0.2856356264164926,5,-0.032330777392877375
kung-fu,trajectories/random,94,40,10,40,0.31796640380936997,0.2856356264164926,5,-0.032330777392877375
kung-fu,trajectories/random,86,25,185,25,0.31796640380936997,0.2856356264164926,5,-0.032330777392877375
kung-fu,trajectories/random,86,34,110,34,0.31796640380936997,0.2856356264164926,5,-0.032330777392877375
kung-fu,trajectories/random,89,35,160,35,0.31796640380936997,0.2856356264164926,5,-0.032330777392877375
kung-fu,trajectories/random,79,32,150,32,0.31796640380936997,0.2856356264164926,5,-0.032330777392877375
kung-fu,trajectories/random,101,38,375,38,0.31796640380936997,0.2856356264164926,5,-0.032330777392877375
kung-fu,trajectories/random,101,33,220,33,0.31796640380936997,0.2856356264164926,5,-0.032330777392877375
kung-fu,trajectories/random,92,35,110,35,0.31796640380936997,0.2856356264164926,5,-0.032330777392877375
kung-fu,trajectories/random,99,43,410,43,0.31796640380936997,0.2856356264164926,5,-0.032330777392877375
kung-fu,trajectories/random,96,37,240,37,0.31796640380936997,0.2856356264164926,5,-0.032330777392877375
kung-fu,trajectories/random,127,64,330,64,0.31796640380936997,0.2856356264164926,5,-0.032330777392877375
kung-fu,trajectories/random,96,35,10,35,0.31796640380936997,0.2856356264164926,5,-0.032330777392877375
kung-fu,trajectories/random,87,44,35,44,0.31796640380936997,0.2856356264164926,5,-0.032330777392877375
kung-fu,trajectories/random,97,39,60,39,0.31796640380936997,0.2856356264164926,5,-0.032330777392877375
kung-fu,trajectories/random,96,40,145,40,0.31796640380936997,0.2856356264164926,5,-0.032330777392877375
kung-fu,trajectories/random,101,54,175,54,0.31796640380936997,0.2856356264164926,5,-0.032330777392877375
kung-fu,trajectories/random,115,45,375,45,0.31796640380936997,0.2856356264164926,5,-0.032330777392877375
kung-fu,trajectories/random,100,50,320,50,0.31796640380936997,0.2856356264164926,5,-0.032330777392877375
metahuman-inc,trajectories/random,188,115,175,115,0.45229199096641776,0.36544819545695584,6,-0.08684379550946192
metahuman-inc,trajectories/random,178,99,145,99,0.45229199096641776,0.36544819545695584,6,-0.08684379550946192
metahuman-inc,trajectories/random,196,122,190,122,0.45229199096641776,0.36544819545695584,6,-0.08684379550946192
metahuman-inc,trajectories/random,175,95,90,95,0.45229199096641776,0.36544819545695584,6,-0.08684379550946192
metahuman-inc,trajectories/random,343,222,130,222,0.45229199096641776,0.36544819545695584,6,-0.08684379550946192
metahuman-inc,trajectories/random,203,109,25,109,0.45229199096641776,0.36544819545695584,6,-0.08684379550946192
metahuman-inc,trajectories/random,171,118,160,118,0.45229199096641776,0.36544819545695584,6,-0.08684379550946192
metahuman-inc,trajectories/random,195,108,180,108,0.45229199096641776,0.36544819545695584,6,-0.08684379550946192
metahuman-inc,trajectories/random,166,94,80,94,0.45229199096641776,0.36544819545695584,6,-0.08684379550946192
metahuman-inc,trajectories/random,190,97,130,97,0.45229199096641776,0.36544819545695584,6,-0.08684379550946192
metahuman-inc,trajectories/random,176,100,180,100,0.45229199096641776,0.36544819545695584,6,-0.08684379550946192
metahuman-inc,trajectories/random,339,208,250,208,0.45229199096641776,0.36544819545695584,6,-0.08684379550946192
metahuman-inc,trajectories/random,157,99,90,99,0.45229199096641776,0.36544819545695584,6,-0.08684379550946192
metahuman-inc,trajectories/random,241,144,140,144,0.45229199096641776,0.36544819545695584,6,-0.08684379550946192
metahuman-inc,trajectories/random,171,109,130,109,0.45229199096641776,0.36544819545695584,6,-0.08684379550946192
metahuman-inc,trajectories/random,181,99,140,99,0.45229199096641776,0.36544819545695584,6,-0.08684379550946192
metahuman-inc,trajectories/random,179,106,110,106,0.45229199096641776,0.36544819545695584,6,-0.08684379550946192
metahuman-inc,trajectories/random,181,109,0,109,0.45229199096641776,0.36544819545695584,6,-0.08684379550946192
metahuman-inc,trajectories/random,349,180,205,180,0.45229199096641776,0.36544819545695584,6,-0.08684379550946192
metahuman-inc,trajectories/random,199,95,115,95,0.45229199096641776,0.36544819545695584,6,-0.08684379550946192
metahuman-inc,trajectories/random,187,95,40,95,0.45229199096641776,0.36544819545695584,6,-0.08684379550946192
metahuman-inc,trajectories/random,190,113,50,113,0.45229199096641776,0.36544819545695584,6,-0.08684379550946192
metahuman-inc,trajectories/random,191,113,40,113,0.45229199096641776,0.36544819545695584,6,-0.08684379550946192
metahuman-inc,trajectories/random,182,106,75,106,0.45229199096641776,0.36544819545695584,6,-0.08684379550946192
metahuman-inc,trajectories/random,180,103,150,103,0.45229199096641776,0.36544819545695584,6,-0.08684379550946192
death-collector,trajectories/random,104,90,140,90,0.280553533278265,0.3067506090051474,7,0.0261970757268824
death-collector,trajectories/random,97,77,170,77,0.280553533278265,0.3067506090051474,7,0.0261970757268824
death-collector,trajectories/random,102,99,130,99,0.280553533278265,0.3067506090051474,7,0.0261970757268824
death-collector,trajectories/random,96,99,140,99,0.280553533278265,0.3067506090051474,7,0.0261970757268824
death-collector,trajectories/random,103,102,260,102,0.280553533278265,0.3067506090051474,7,0.0261970757268824
death-collector,trajectories/random,105,90,100,90,0.280553533278265,0.3067506090051474,7,0.0261970757268824
death-collector,trajectories/random,103,88,100,88,0.280553533278265,0.3067506090051474,7,0.0261970757268824
death-collector,trajectories/random,102,100,120,100,0.280553533278265,0.3067506090051474,7,0.0261970757268824
death-collector,trajectories/random,103,99,180,99,0.280553533278265,0.3067506090051474,7,0.0261970757268824
death-collector,trajectories/random,103,87,140,87,0.280553533278265,0.3067506090051474,7,0.0261970757268824
death-collector,trajectories/random,102,100,220,100,0.280553533278265,0.3067506090051474,7,0.0261970757268824
death-collector,trajectories/random,102,112,180,112,0.280553533278265,0.3067506090051474,7,0.0261970757268824
death-collector,trajectories/random,99,98,130,98,0.280553533278265,0.3067506090051474,7,0.0261970757268824
death-collector,trajectories/random,96,99,100,99,0.280553533278265,0.3067506090051474,7,0.0261970757268824
death-collector,trajectories/random,99,95,90,95,0.280553533278265,0.3067506090051474,7,0.0261970757268824
death-collector,trajectories/random,100,96,140,96,0.280553533278265,0.3067506090051474,7,0.0261970757268824
death-collector,trajectories/random,98,86,90,86,0.280553533278265,0.3067506090051474,7,0.0261970757268824
death-collector,trajectories/random,103,94,120,94,0.280553533278265,0.3067506090051474,7,0.0261970757268824
death-collector,trajectories/random,101,97,280,97,0.280553533278265,0.3067506090051474,7,0.0261970757268824
death-collector,trajectories/random,106,79,180,79,0.280553533278265,0.3067506090051474,7,0.0261970757268824
death-collector,trajectories/random,99,80,150,80,0.280553533278265,0.3067506090051474,7,0.0261970757268824
death-collector,trajectories/random,98,96,110,96,0.280553533278265,0.3067506090051474,7,0.0261970757268824
death-collector,trajectories/random,100,89,110,89,0.280553533278265,0.3067506090051474,7,0.0261970757268824
death-collector,trajectories/random,108,101,290,101,0.280553533278265,0.3067506090051474,7,0.0261970757268824
death-collector,trajectories/random,107,90,140,90,0.280553533278265,0.3067506090051474,7,0.0261970757268824
kidnapped,trajectories/random,269,179,170,179,0.15747777084431436,0.19710893670856883,8,0.03963116586425447
kidnapped,trajectories/random,266,156,60,156,0.15747777084431436,0.19710893670856883,8,0.03963116586425447
kidnapped,trajectories/random,282,184,90,184,0.15747777084431436,0.19710893670856883,8,0.03963116586425447
kidnapped,trajectories/random,278,168,100,168,0.15747777084431436,0.19710893670856883,8,0.03963116586425447
kidnapped,trajectories/random,276,179,50,179,0.15747777084431436,0.19710893670856883,8,0.03963116586425447
kidnapped,trajectories/random,277,174,50,174,0.15747777084431436,0.19710893670856883,8,0.03963116586425447
kidnapped,trajectories/random,283,173,280,173,0.15747777084431436,0.19710893670856883,8,0.03963116586425447
kidnapped,trajectories/random,274,180,120,180,0.15747777084431436,0.19710893670856883,8,0.03963116586425447
kidnapped,trajectories/random,265,178,80,178,0.15747777084431436,0.19710893670856883,8,0.03963116586425447
kidnapped,trajectories/random,270,154,90,154,0.15747777084431436,0.19710893670856883,8,0.03963116586425447
kidnapped,trajectories/random,278,184,80,184,0.15747777084431436,0.19710893670856883,8,0.03963116586425447
kidnapped,trajectories/random,290,174,110,174,0.15747777084431436,0.19710893670856883,8,0.03963116586425447
kidnapped,trajectories/random,288,185,190,185,0.15747777084431436,0.19710893670856883,8,0.03963116586425447
kidnapped,trajectories/random,268,173,55,173,0.15747777084431436,0.19710893670856883,8,0.03963116586425447
kidnapped,trajectories/random,285,163,210,163,0.15747777084431436,0.19710893670856883,8,0.03963116586425447
kidnapped,trajectories/random,267,181,140,181,0.15747777084431436,0.19710893670856883,8,0.03963116586425447
kidnapped,trajectories/random,281,171,130,171,0.15747777084431436,0.19710893670856883,8,0.03963116586425447
kidnapped,trajectories/random,281,173,186,173,0.15747777084431436,0.19710893670856883,8,0.03963116586425447
kidnapped,trajectories/random,283,157,145,157,0.15747777084431436,0.19710893670856883,8,0.03963116586425447
kidnapped,trajectories/random,293,197,175,197,0.15747777084431436,0.19710893670856883,8,0.03963116586425447
kidnapped,trajectories/random,278,177,170,177,0.15747777084431436,0.19710893670856883,8,0.03963116586425447
kidnapped,trajectories/random,272,171,75,171,0.15747777084431436,0.19710893670856883,8,0.03963116586425447
kidnapped,trajectories/random,277,189,186,189,0.15747777084431436,0.19710893670856883,8,0.03963116586425447
kidnapped,trajectories/random,267,162,151,162,0.15747777084431436,0.19710893670856883,8,0.03963116586425447
kidnapped,trajectories/random,271,175,165,175,0.15747777084431436,0.19710893670856883,8,0.03963116586425447
midsummer-nights-choice,trajectories/random,111,114,65,114,0.06286714200968138,0.18732764733473017,9,0.12446050532504879
midsummer-nights-choice,trajectories/random,114,104,85,104,0.06286714200968138,0.18732764733473017,9,0.12446050532504879
midsummer-nights-choice,trajectories/random,114,96,105,96,0.06286714200968138,0.18732764733473017,9,0.12446050532504879
midsummer-nights-choice,trajectories/random,109,92,50,92,0.06286714200968138,0.18732764733473017,9,0.12446050532504879
midsummer-nights-choice,trajectories/random,114,105,75,105,0.06286714200968138,0.18732764733473017,9,0.12446050532504879
midsummer-nights-choice,trajectories/random,114,109,80,109,0.06286714200968138,0.18732764733473017,9,0.12446050532504879
midsummer-nights-choice,trajectories/random,109,113,110,113,0.06286714200968138,0.18732764733473017,9,0.12446050532504879
midsummer-nights-choice,trajectories/random,117,106,70,106,0.06286714200968138,0.18732764733473017,9,0.12446050532504879
midsummer-nights-choice,trajectories/random,117,118,75,118,0.06286714200968138,0.18732764733473017,9,0.12446050532504879
midsummer-nights-choice,trajectories/random,108,96,105,96,0.06286714200968138,0.18732764733473017,9,0.12446050532504879
midsummer-nights-choice,trajectories/random,118,111,30,111,0.06286714200968138,0.18732764733473017,9,0.12446050532504879
midsummer-nights-choice,trajectories/random,114,102,95,102,0.06286714200968138,0.18732764733473017,9,0.12446050532504879
midsummer-nights-choice,trajectories/random,114,113,105,113,0.06286714200968138,0.18732764733473017,9,0.12446050532504879
midsummer-nights-choice,trajectories/random,114,103,60,103,0.06286714200968138,0.18732764733473017,9,0.12446050532504879
midsummer-nights-choice,trajectories/random,110,107,145,107,0.06286714200968138,0.18732764733473017,9,0.12446050532504879
midsummer-nights-choice,trajectories/random,114,111,70,111,0.06286714200968138,0.18732764733473017,9,0.12446050532504879
midsummer-nights-choice,trajectories/random,102,107,55,107,0.06286714200968138,0.18732764733473017,9,0.12446050532504879
midsummer-nights-choice,trajectories/random,114,113,115,113,0.06286714200968138,0.18732764733473017,9,0.12446050532504879
midsummer-nights-choice,trajectories/random,112,94,90,94,0.06286714200968138,0.18732764733473017,9,0.12446050532504879
midsummer-nights-choice,trajectories/random,105,98,45,98,0.06286714200968138,0.18732764733473017,9,0.12446050532504879
midsummer-nights-choice,trajectories/random,110,108,30,108,0.06286714200968138,0.18732764733473017,9,0.12446050532504879
midsummer-nights-choice,trajectories/random,116,111,65,111,0.06286714200968138,0.18732764733473017,9,0.12446050532504879
midsummer-nights-choice,trajectories/random,114,105,60,105,0.06286714200968138,0.18732764733473017,9,0.12446050532504879
midsummer-nights-choice,trajectories/random,107,104,70,104,0.06286714200968138,0.18732764733473017,9,0.12446050532504879
midsummer-nights-choice,trajectories/random,110,90,65,90,0.06286714200968138,0.18732764733473017,9,0.12446050532504879
hollywood-visionary,trajectories/random,227,42,95,42,0.03322996071043702,0.1529439710180003,10,0.11971401030756329
hollywood-visionary,trajectories/random,215,51,65,51,0.03322996071043702,0.1529439710180003,10,0.11971401030756329
hollywood-visionary,trajectories/random,227,43,125,43,0.03322996071043702,0.1529439710180003,10,0.11971401030756329
hollywood-visionary,trajectories/random,239,35,70,35,0.03322996071043702,0.1529439710180003,10,0.11971401030756329
hollywood-visionary,trajectories/random,226,47,115,47,0.03322996071043702,0.1529439710180003,10,0.11971401030756329
hollywood-visionary,trajectories/random,202,43,105,43,0.03322996071043702,0.1529439710180003,10,0.11971401030756329
hollywood-visionary,trajectories/random,224,40,85,40,0.03322996071043702,0.1529439710180003,10,0.11971401030756329
hollywood-visionary,trajectories/random,234,38,80,38,0.03322996071043702,0.1529439710180003,10,0.11971401030756329
hollywood-visionary,trajectories/random,212,36,130,36,0.03322996071043702,0.1529439710180003,10,0.11971401030756329
hollywood-visionary,trajectories/random,218,38,65,38,0.03322996071043702,0.1529439710180003,10,0.11971401030756329
hollywood-visionary,trajectories/random,203,34,65,34,0.03322996071043702,0.1529439710180003,10,0.11971401030756329
hollywood-visionary,trajectories/random,229,32,65,32,0.03322996071043702,0.1529439710180003,10,0.11971401030756329
hollywood-visionary,trajectories/random,212,43,155,43,0.03322996071043702,0.1529439710180003,10,0.11971401030756329
hollywood-visionary,trajectories/random,197,35,125,35,0.03322996071043702,0.1529439710180003,10,0.11971401030756329
hollywood-visionary,trajectories/random,216,51,100,51,0.03322996071043702,0.1529439710180003,10,0.11971401030756329
hollywood-visionary,trajectories/random,212,44,125,44,0.03322996071043702,0.1529439710180003,10,0.11971401030756329
hollywood-visionary,trajectories/random,193,36,95,36,0.03322996071043702,0.1529439710180003,10,0.11971401030756329
hollywood-visionary,trajectories/random,279,38,115,38,0.03322996071043702,0.1529439710180003,10,0.11971401030756329
hollywood-visionary,trajectories/random,218,42,90,42,0.03322996071043702,0.1529439710180003,10,0.11971401030756329
hollywood-visionary,trajectories/random,219,45,55,45,0.03322996071043702,0.1529439710180003,10,0.11971401030756329
hollywood-visionary,trajectories/random,248,40,95,40,0.03322996071043702,0.1529439710180003,10,0.11971401030756329
hollywood-visionary,trajectories/random,192,39,80,39,0.03322996071043702,0.1529439710180003,10,0.11971401030756329
hollywood-visionary,trajectories/random,251,27,130,27,0.03322996071043702,0.1529439710180003,10,0.11971401030756329
hollywood-visionary,trajectories/random,232,50,90,50,0.03322996071043702,0.1529439710180003,10,0.11971401030756329
hollywood-visionary,trajectories/random,204,32,65,32,0.03322996071043702,0.1529439710180003,10,0.11971401030756329
luminous-underground,trajectories/random,602,180,280,180,0.33824219181898824,0.16784084032793797,11,-0.17040135149105026
luminous-underground,trajectories/random,597,172,200,172,0.33824219181898824,0.16784084032793797,11,-0.17040135149105026
luminous-underground,trajectories/random,603,162,200,162,0.33824219181898824,0.16784084032793797,11,-0.17040135149105026
luminous-underground,trajectories/random,607,157,165,157,0.33824219181898824,0.16784084032793797,11,-0.17040135149105026
luminous-underground,trajectories/random,601,198,175,198,0.33824219181898824,0.16784084032793797,11,-0.17040135149105026
luminous-underground,trajectories/random,605,169,220,169,0.33824219181898824,0.16784084032793797,11,-0.17040135149105026
luminous-underground,trajectories/random,604,175,185,175,0.33824219181898824,0.16784084032793797,11,-0.17040135149105026
luminous-underground,trajectories/random,592,204,195,204,0.33824219181898824,0.16784084032793797,11,-0.17040135149105026
luminous-underground,trajectories/random,526,147,125,147,0.33824219181898824,0.16784084032793797,11,-0.17040135149105026
luminous-underground,trajectories/random,608,166,200,166,0.33824219181898824,0.16784084032793797,11,-0.17040135149105026
luminous-underground,trajectories/random,598,184,220,184,0.33824219181898824,0.16784084032793797,11,-0.17040135149105026
luminous-underground,trajectories/random,592,185,220,185,0.33824219181898824,0.16784084032793797,11,-0.17040135149105026
luminous-underground,trajectories/random,597,181,180,181,0.33824219181898824,0.16784084032793797,11,-0.17040135149105026
luminous-underground,trajectories/random,600,172,175,172,0.33824219181898824,0.16784084032793797,11,-0.17040135149105026
luminous-underground,trajectories/random,613,174,245,174,0.33824219181898824,0.16784084032793797,11,-0.17040135149105026
luminous-underground,trajectories/random,587,168,250,168,0.33824219181898824,0.16784084032793797,11,-0.17040135149105026
luminous-underground,trajectories/random,606,188,260,188,0.33824219181898824,0.16784084032793797,11,-0.17040135149105026
luminous-underground,trajectories/random,593,181,245,181,0.33824219181898824,0.16784084032793797,11,-0.17040135149105026
luminous-underground,trajectories/random,601,174,240,174,0.33824219181898824,0.16784084032793797,11,-0.17040135149105026
luminous-underground,trajectories/random,598,181,180,181,0.33824219181898824,0.16784084032793797,11,-0.17040135149105026
luminous-underground,trajectories/random,600,177,160,177,0.33824219181898824,0.16784084032793797,11,-0.17040135149105026
luminous-underground,trajectories/random,600,170,195,170,0.33824219181898824,0.16784084032793797,11,-0.17040135149105026
luminous-underground,trajectories/random,579,183,260,183,0.33824219181898824,0.16784084032793797,11,-0.17040135149105026
luminous-underground,trajectories/random,595,180,230,180,0.33824219181898824,0.16784084032793797,11,-0.17040135149105026
luminous-underground,trajectories/random,610,170,175,170,0.33824219181898824,0.16784084032793797,11,-0.17040135149105026
vampire-the-masquerade_parliament-of-knives,trajectories/random,214,142,55,142,0.22055209051484423,0.22384526556499726,12,0.00329317505015303
vampire-the-masquerade_parliament-of-knives,trajectories/random,250,153,40,153,0.22055209051484423,0.22384526556499726,12,0.00329317505015303
vampire-the-masquerade_parliament-of-knives,trajectories/random,194,138,40,138,0.22055209051484423,0.22384526556499726,12,0.00329317505015303
vampire-the-masquerade_parliament-of-knives,trajectories/random,213,135,35,135,0.22055209051484423,0.22384526556499726,12,0.00329317505015303
vampire-the-masquerade_parliament-of-knives,trajectories/random,224,131,35,131,0.22055209051484423,0.22384526556499726,12,0.00329317505015303
vampire-the-masquerade_parliament-of-knives,trajectories/random,231,172,60,172,0.22055209051484423,0.22384526556499726,12,0.00329317505015303
vampire-the-masquerade_parliament-of-knives,trajectories/random,256,166,50,166,0.22055209051484423,0.22384526556499726,12,0.00329317505015303
vampire-the-masquerade_parliament-of-knives,trajectories/random,223,124,40,124,0.22055209051484423,0.22384526556499726,12,0.00329317505015303
vampire-the-masquerade_parliament-of-knives,trajectories/random,248,170,60,170,0.22055209051484423,0.22384526556499726,12,0.00329317505015303
vampire-the-masquerade_parliament-of-knives,trajectories/random,240,169,40,169,0.22055209051484423,0.22384526556499726,12,0.00329317505015303
vampire-the-masquerade_parliament-of-knives,trajectories/random,244,193,40,193,0.22055209051484423,0.22384526556499726,12,0.00329317505015303
vampire-the-masquerade_parliament-of-knives,trajectories/random,222,166,45,166,0.22055209051484423,0.22384526556499726,12,0.00329317505015303
vampire-the-masquerade_parliament-of-knives,trajectories/random,259,192,25,192,0.22055209051484423,0.22384526556499726,12,0.00329317505015303
vampire-the-masquerade_parliament-of-knives,trajectories/random,244,166,60,166,0.22055209051484423,0.22384526556499726,12,0.00329317505015303
vampire-the-masquerade_parliament-of-knives,trajectories/random,231,180,25,180,0.22055209051484423,0.22384526556499726,12,0.00329317505015303
vampire-the-masquerade_parliament-of-knives,trajectories/random,226,164,30,164,0.22055209051484423,0.22384526556499726,12,0.00329317505015303
vampire-the-masquerade_parliament-of-knives,trajectories/random,229,153,25,153,0.22055209051484423,0.22384526556499726,12,0.00329317505015303
vampire-the-masquerade_parliament-of-knives,trajectories/random,202,132,20,132,0.22055209051484423,0.22384526556499726,12,0.00329317505015303
vampire-the-masquerade_parliament-of-knives,trajectories/random,240,177,25,177,0.22055209051484423,0.22384526556499726,12,0.00329317505015303
vampire-the-masquerade_parliament-of-knives,trajectories/random,233,137,40,137,0.22055209051484423,0.22384526556499726,12,0.00329317505015303
vampire-the-masquerade_parliament-of-knives,trajectories/random,236,189,50,189,0.22055209051484423,0.22384526556499726,12,0.00329317505015303
vampire-the-masquerade_parliament-of-knives,trajectories/random,223,142,25,142,0.22055209051484423,0.22384526556499726,12,0.00329317505015303
vampire-the-masquerade_parliament-of-knives,trajectories/random,242,161,40,161,0.22055209051484423,0.22384526556499726,12,0.00329317505015303
vampire-the-masquerade_parliament-of-knives,trajectories/random,210,142,25,142,0.22055209051484423,0.22384526556499726,12,0.00329317505015303
vampire-the-masquerade_parliament-of-knives,trajectories/random,212,173,70,173,0.22055209051484423,0.22384526556499726,12,0.00329317505015303
t-rex-time-machine,trajectories/random,90,55,335,55,0.5397838245272067,0.3666778842197691,13,-0.17310594030743764
t-rex-time-machine,trajectories/random,77,36,145,36,0.5397838245272067,0.3666778842197691,13,-0.17310594030743764
t-rex-time-machine,trajectories/random,92,51,205,51,0.5397838245272067,0.3666778842197691,13,-0.17310594030743764
t-rex-time-machine,trajectories/random,95,45,140,45,0.5397838245272067,0.3666778842197691,13,-0.17310594030743764
t-rex-time-machine,trajectories/random,101,33,245,33,0.5397838245272067,0.3666778842197691,13,-0.17310594030743764
t-rex-time-machine,trajectories/random,98,40,230,40,0.5397838245272067,0.3666778842197691,13,-0.17310594030743764
t-rex-time-machine,trajectories/random,85,43,310,43,0.5397838245272067,0.3666778842197691,13,-0.17310594030743764
t-rex-time-machine,trajectories/random,83,50,285,50,0.5397838245272067,0.3666778842197691,13,-0.17310594030743764
t-rex-time-machine,trajectories/random,91,34,155,34,0.5397838245272067,0.3666778842197691,13,-0.17310594030743764
t-rex-time-machine,trajectories/random,89,47,225,47,0.5397838245272067,0.3666778842197691,13,-0.17310594030743764
t-rex-time-machine,trajectories/random,91,56,300,56,0.5397838245272067,0.3666778842197691,13,-0.17310594030743764
t-rex-time-machine,trajectories/random,91,26,170,26,0.5397838245272067,0.3666778842197691,13,-0.17310594030743764
t-rex-time-machine,trajectories/random,93,48,225,48,0.5397838245272067,0.3666778842197691,13,-0.17310594030743764
t-rex-time-machine,trajectories/random,107,54,280,54,0.5397838245272067,0.3666778842197691,13,-0.17310594030743764
t-rex-time-machine,trajectories/random,93,37,225,37,0.5397838245272067,0.3666778842197691,13,-0.17310594030743764
t-rex-time-machine,trajectories/random,89,48,320,48,0.5397838245272067,0.3666778842197691,13,-0.17310594030743764
t-rex-time-machine,trajectories/random,93,50,270,50,0.5397838245272067,0.3666778842197691,13,-0.17310594030743764
t-rex-time-machine,trajectories/random,85,21,150,21,0.5397838245272067,0.3666778842197691,13,-0.17310594030743764
t-rex-time-machine,trajectories/random,98,45,205,45,0.5397838245272067,0.3666778842197691,13,-0.17310594030743764
t-rex-time-machine,trajectories/random,89,28,150,28,0.5397838245272067,0.3666778842197691,13,-0.17310594030743764
t-rex-time-machine,trajectories/random,89,41,175,41,0.5397838245272067,0.3666778842197691,13,-0.17310594030743764
t-rex-time-machine,trajectories/random,87,47,100,47,0.5397838245272067,0.3666778842197691,13,-0.17310594030743764
t-rex-time-machine,trajectories/random,97,31,235,31,0.5397838245272067,0.3666778842197691,13,-0.17310594030743764
t-rex-time-machine,trajectories/random,80,39,100,39,0.5397838245272067,0.3666778842197691,13,-0.17310594030743764
t-rex-time-machine,trajectories/random,82,39,135,39,0.5397838245272067,0.3666778842197691,13,-0.17310594030743764
hero-project-redemption-season,trajectories/random,108,46,305,46,0.8394063278211091,0.16648922129682436,14,-0.6729171065242847
hero-project-redemption-season,trajectories/random,110,34,285,34,0.8394063278211091,0.16648922129682436,14,-0.6729171065242847
hero-project-redemption-season,trajectories/random,111,45,315,45,0.8394063278211091,0.16648922129682436,14,-0.6729171065242847
hero-project-redemption-season,trajectories/random,76,28,170,28,0.8394063278211091,0.16648922129682436,14,-0.6729171065242847
hero-project-redemption-season,trajectories/random,105,47,270,47,0.8394063278211091,0.16648922129682436,14,-0.6729171065242847
hero-project-redemption-season,trajectories/random,111,52,340,52,0.8394063278211091,0.16648922129682436,14,-0.6729171065242847
hero-project-redemption-season,trajectories/random,35,9,70,9,0.8394063278211091,0.16648922129682436,14,-0.6729171065242847
hero-project-redemption-season,trajectories/random,105,35,330,35,0.8394063278211091,0.16648922129682436,14,-0.6729171065242847
hero-project-redemption-season,trajectories/random,108,41,325,41,0.8394063278211091,0.16648922129682436,14,-0.6729171065242847
hero-project-redemption-season,trajectories/random,108,44,300,44,0.8394063278211091,0.16648922129682436,14,-0.6729171065242847
hero-project-redemption-season,trajectories/random,109,48,300,48,0.8394063278211091,0.16648922129682436,14,-0.6729171065242847
hero-project-redemption-season,trajectories/random,107,40,260,40,0.8394063278211091,0.16648922129682436,14,-0.6729171065242847
hero-project-redemption-season,trajectories/random,38,10,55,10,0.8394063278211091,0.16648922129682436,14,-0.6729171065242847
hero-project-redemption-season,trajectories/random,108,46,345,46,0.8394063278211091,0.16648922129682436,14,-0.6729171065242847
hero-project-redemption-season,trajectories/random,108,34,305,34,0.8394063278211091,0.16648922129682436,14,-0.6729171065242847
hero-project-redemption-season,trajectories/random,110,40,315,40,0.8394063278211091,0.16648922129682436,14,-0.6729171065242847
hero-project-redemption-season,trajectories/random,106,37,280,37,0.8394063278211091,0.16648922129682436,14,-0.6729171065242847
hero-project-redemption-season,trajectories/random,106,32,300,32,0.8394063278211091,0.16648922129682436,14,-0.6729171065242847
hero-project-redemption-season,trajectories/random,77,29,155,29,0.8394063278211091,0.16648922129682436,14,-0.6729171065242847
hero-project-redemption-season,trajectories/random,110,40,300,40,0.8394063278211091,0.16648922129682436,14,-0.6729171065242847
hero-project-redemption-season,trajectories/random,111,44,330,44,0.8394063278211091,0.16648922129682436,14,-0.6729171065242847
hero-project-redemption-season,trajectories/random,107,41,295,41,0.8394063278211091,0.16648922129682436,14,-0.6729171065242847
hero-project-redemption-season,trajectories/random,105,44,265,44,0.8394063278211091,0.16648922129682436,14,-0.6729171065242847
hero-project-redemption-season,trajectories/random,109,52,270,52,0.8394063278211091,0.16648922129682436,14,-0.6729171065242847
hero-project-redemption-season,trajectories/random,105,36,275,36,0.8394063278211091,0.16648922129682436,14,-0.6729171065242847
i-cyborg,trajectories/random,259,193,97,193,0.46885969396065846,0.1549342127748283,15,-0.3139254811858302
i-cyborg,trajectories/random,309,211,106,211,0.46885969396065846,0.1549342127748283,15,-0.3139254811858302
i-cyborg,trajectories/random,324,230,116,230,0.46885969396065846,0.1549342127748283,15,-0.3139254811858302
i-cyborg,trajectories/random,291,197,142,197,0.46885969396065846,0.1549342127748283,15,-0.3139254811858302
i-cyborg,trajectories/random,274,189,93,189,0.46885969396065846,0.1549342127748283,15,-0.3139254811858302
i-cyborg,trajectories/random,310,203,138,203,0.46885969396065846,0.1549342127748283,15,-0.3139254811858302
i-cyborg,trajectories/random,283,199,77,199,0.46885969396065846,0.1549342127748283,15,-0.3139254811858302
i-cyborg,trajectories/random,312,219,121,219,0.46885969396065846,0.1549342127748283,15,-0.3139254811858302
i-cyborg,trajectories/random,286,169,82,169,0.46885969396065846,0.1549342127748283,15,-0.3139254811858302
i-cyborg,trajectories/random,266,171,81,171,0.46885969396065846,0.1549342127748283,15,-0.3139254811858302
i-cyborg,trajectories/random,297,194,111,194,0.46885969396065846,0.1549342127748283,15,-0.3139254811858302
i-cyborg,trajectories/random,280,175,122,175,0.46885969396065846,0.1549342127748283,15,-0.3139254811858302
i-cyborg,trajectories/random,296,216,127,216,0.46885969396065846,0.1549342127748283,15,-0.3139254811858302
i-cyborg,trajectories/random,310,210,136,210,0.46885969396065846,0.1549342127748283,15,-0.3139254811858302
i-cyborg,trajectories/random,269,208,102,208,0.46885969396065846,0.1549342127748283,15,-0.3139254811858302
i-cyborg,trajectories/random,310,208,167,208,0.46885969396065846,0.1549342127748283,15,-0.3139254811858302
i-cyborg,trajectories/random,273,205,111,205,0.46885969396065846,0.1549342127748283,15,-0.3139254811858302
i-cyborg,trajectories/random,324,201,166,201,0.46885969396065846,0.1549342127748283,15,-0.3139254811858302
i-cyborg,trajectories/random,339,198,126,198,0.46885969396065846,0.1549342127748283,15,-0.3139254811858302
i-cyborg,trajectories/random,312,196,137,196,0.46885969396065846,0.1549342127748283,15,-0.3139254811858302
i-cyborg,trajectories/random,296,179,83,179,0.46885969396065846,0.1549342127748283,15,-0.3139254811858302
i-cyborg,trajectories/random,297,189,101,189,0.46885969396065846,0.1549342127748283,15,-0.3139254811858302
i-cyborg,trajectories/random,339,192,131,192,0.46885969396065846,0.1549342127748283,15,-0.3139254811858302
i-cyborg,trajectories/random,297,221,117,221,0.46885969396065846,0.1549342127748283,15,-0.3139254811858302
i-cyborg,trajectories/random,269,178,72,178,0.46885969396065846,0.1549342127748283,15,-0.3139254811858302
seventh-sea-a-pirates-pact,trajectories/random,133,108,260,108,0.20371906743434462,0.18726649598648643,16,-0.016452571447858194
seventh-sea-a-pirates-pact,trajectories/random,131,92,180,92,0.20371906743434462,0.18726649598648643,16,-0.016452571447858194
seventh-sea-a-pirates-pact,trajectories/random,127,87,100,87,0.20371906743434462,0.18726649598648643,16,-0.016452571447858194
seventh-sea-a-pirates-pact,trajectories/random,133,99,180,99,0.20371906743434462,0.18726649598648643,16,-0.016452571447858194
seventh-sea-a-pirates-pact,trajectories/random,140,106,180,106,0.20371906743434462,0.18726649598648643,16,-0.016452571447858194
seventh-sea-a-pirates-pact,trajectories/random,133,86,120,86,0.20371906743434462,0.18726649598648643,16,-0.016452571447858194
seventh-sea-a-pirates-pact,trajectories/random,130,92,240,92,0.20371906743434462,0.18726649598648643,16,-0.016452571447858194
seventh-sea-a-pirates-pact,trajectories/random,131,88,180,88,0.20371906743434462,0.18726649598648643,16,-0.016452571447858194
seventh-sea-a-pirates-pact,trajectories/random,131,92,140,92,0.20371906743434462,0.18726649598648643,16,-0.016452571447858194
seventh-sea-a-pirates-pact,trajectories/random,136,100,200,100,0.20371906743434462,0.18726649598648643,16,-0.016452571447858194
seventh-sea-a-pirates-pact,trajectories/random,126,98,240,98,0.20371906743434462,0.18726649598648643,16,-0.016452571447858194
seventh-sea-a-pirates-pact,trajectories/random,138,92,310,92,0.20371906743434462,0.18726649598648643,16,-0.016452571447858194
seventh-sea-a-pirates-pact,trajectories/random,136,77,250,77,0.20371906743434462,0.18726649598648643,16,-0.016452571447858194
seventh-sea-a-pirates-pact,trajectories/random,130,81,250,81,0.20371906743434462,0.18726649598648643,16,-0.016452571447858194
seventh-sea-a-pirates-pact,trajectories/random,128,81,310,81,0.20371906743434462,0.18726649598648643,16,-0.016452571447858194
seventh-sea-a-pirates-pact,trajectories/random,135,101,320,101,0.20371906743434462,0.18726649598648643,16,-0.016452571447858194
seventh-sea-a-pirates-pact,trajectories/random,144,105,240,105,0.20371906743434462,0.18726649598648643,16,-0.016452571447858194
seventh-sea-a-pirates-pact,trajectories/random,130,96,140,96,0.20371906743434462,0.18726649598648643,16,-0.016452571447858194
seventh-sea-a-pirates-pact,trajectories/random,134,94,320,94,0.20371906743434462,0.18726649598648643,16,-0.016452571447858194
seventh-sea-a-pirates-pact,trajectories/random,127,82,100,82,0.20371906743434462,0.18726649598648643,16,-0.016452571447858194
seventh-sea-a-pirates-pact,trajectories/random,114,78,120,78,0.20371906743434462,0.18726649598648643,16,-0.016452571447858194
seventh-sea-a-pirates-pact,trajectories/random,132,91,100,91,0.20371906743434462,0.18726649598648643,16,-0.016452571447858194
seventh-sea-a-pirates-pact,trajectories/random,135,96,200,96,0.20371906743434462,0.18726649598648643,16,-0.016452571447858194
seventh-sea-a-pirates-pact,trajectories/random,140,102,160,102,0.20371906743434462,0.18726649598648643,16,-0.016452571447858194
seventh-sea-a-pirates-pact,trajectories/random,138,97,300,97,0.20371906743434462,0.18726649598648643,16,-0.016452571447858194
avatar-of-the-wolf,trajectories/random,77,61,50,61,0.28407846346907256,0.2536467818041114,17,-0.030431681664961185
avatar-of-the-wolf,trajectories/random,88,72,25,72,0.28407846346907256,0.2536467818041114,17,-0.030431681664961185
avatar-of-the-wolf,trajectories/random,78,78,15,78,0.28407846346907256,0.2536467818041114,17,-0.030431681664961185
avatar-of-the-wolf,trajectories/random,81,68,25,68,0.28407846346907256,0.2536467818041114,17,-0.030431681664961185
avatar-of-the-wolf,trajectories/random,78,70,25,70,0.28407846346907256,0.2536467818041114,17,-0.030431681664961185
avatar-of-the-wolf,trajectories/random,78,50,0,50,0.28407846346907256,0.2536467818041114,17,-0.030431681664961185
avatar-of-the-wolf,trajectories/random,77,52,40,52,0.28407846346907256,0.2536467818041114,17,-0.030431681664961185
avatar-of-the-wolf,trajectories/random,82,72,75,72,0.28407846346907256,0.2536467818041114,17,-0.030431681664961185
avatar-of-the-wolf,trajectories/random,78,63,50,63,0.28407846346907256,0.2536467818041114,17,-0.030431681664961185
avatar-of-the-wolf,trajectories/random,76,60,50,60,0.28407846346907256,0.2536467818041114,17,-0.030431681664961185
avatar-of-the-wolf,trajectories/random,77,70,50,70,0.28407846346907256,0.2536467818041114,17,-0.030431681664961185
avatar-of-the-wolf,trajectories/random,79,74,15,74,0.28407846346907256,0.2536467818041114,17,-0.030431681664961185
avatar-of-the-wolf,trajectories/random,79,49,60,49,0.28407846346907256,0.2536467818041114,17,-0.030431681664961185
avatar-of-the-wolf,trajectories/random,83,73,90,73,0.28407846346907256,0.2536467818041114,17,-0.030431681664961185
avatar-of-the-wolf,trajectories/random,74,69,25,69,0.28407846346907256,0.2536467818041114,17,-0.030431681664961185
avatar-of-the-wolf,trajectories/random,83,79,40,79,0.28407846346907256,0.2536467818041114,17,-0.030431681664961185
avatar-of-the-wolf,trajectories/random,82,61,75,61,0.28407846346907256,0.2536467818041114,17,-0.030431681664961185
avatar-of-the-wolf,trajectories/random,74,58,0,58,0.28407846346907256,0.2536467818041114,17,-0.030431681664961185
avatar-of-the-wolf,trajectories/random,78,81,50,81,0.28407846346907256,0.2536467818041114,17,-0.030431681664961185
avatar-of-the-wolf,trajectories/random,79,60,50,60,0.28407846346907256,0.2536467818041114,17,-0.030431681664961185
avatar-of-the-wolf,trajectories/random,78,60,65,60,0.28407846346907256,0.2536467818041114,17,-0.030431681664961185
avatar-of-the-wolf,trajectories/random,79,79,90,79,0.28407846346907256,0.2536467818041114,17,-0.030431681664961185
avatar-of-the-wolf,trajectories/random,74,57,15,57,0.28407846346907256,0.2536467818041114,17,-0.030431681664961185
avatar-of-the-wolf,trajectories/random,75,53,0,53,0.28407846346907256,0.2536467818041114,17,-0.030431681664961185
avatar-of-the-wolf,trajectories/random,80,73,75,73,0.28407846346907256,0.2536467818041114,17,-0.030431681664961185
trials-of-the-thief-taker,trajectories/random,113,70,10,70,0.3183910987108233,0.23610273115545102,18,-0.08228836755537225
trials-of-the-thief-taker,trajectories/random,122,116,65,116,0.3183910987108233,0.23610273115545102,18,-0.08228836755537225
trials-of-the-thief-taker,trajectories/random,118,90,30,90,0.3183910987108233,0.23610273115545102,18,-0.08228836755537225
trials-of-the-thief-taker,trajectories/random,128,79,35,79,0.3183910987108233,0.23610273115545102,18,-0.08228836755537225
trials-of-the-thief-taker,trajectories/random,118,79,20,79,0.3183910987108233,0.23610273115545102,18,-0.08228836755537225
trials-of-the-thief-taker,trajectories/random,125,113,20,113,0.3183910987108233,0.23610273115545102,18,-0.08228836755537225
trials-of-the-thief-taker,trajectories/random,138,119,35,119,0.3183910987108233,0.23610273115545102,18,-0.08228836755537225
trials-of-the-thief-taker,trajectories/random,129,102,25,102,0.3183910987108233,0.23610273115545102,18,-0.08228836755537225
trials-of-the-thief-taker,trajectories/random,119,111,30,111,0.3183910987108233,0.23610273115545102,18,-0.08228836755537225
trials-of-the-thief-taker,trajectories/random,111,104,30,104,0.3183910987108233,0.23610273115545102,18,-0.08228836755537225
trials-of-the-thief-taker,trajectories/random,120,105,55,105,0.3183910987108233,0.23610273115545102,18,-0.08228836755537225
trials-of-the-thief-taker,trajectories/random,133,113,45,113,0.3183910987108233,0.23610273115545102,18,-0.08228836755537225
trials-of-the-thief-taker,trajectories/random,120,126,25,126,0.3183910987108233,0.23610273115545102,18,-0.08228836755537225
trials-of-the-thief-taker,trajectories/random,123,98,15,98,0.3183910987108233,0.23610273115545102,18,-0.08228836755537225
trials-of-the-thief-taker,trajectories/random,128,92,100,92,0.3183910987108233,0.23610273115545102,18,-0.08228836755537225
trials-of-the-thief-taker,trajectories/random,130,90,5,90,0.3183910987108233,0.23610273115545102,18,-0.08228836755537225
trials-of-the-thief-taker,trajectories/random,130,91,45,91,0.3183910987108233,0.23610273115545102,18,-0.08228836755537225
trials-of-the-thief-taker,trajectories/random,130,109,40,109,0.3183910987108233,0.23610273115545102,18,-0.08228836755537225
trials-of-the-thief-taker,trajectories/random,129,115,50,115,0.3183910987108233,0.23610273115545102,18,-0.08228836755537225
trials-of-the-thief-taker,trajectories/random,124,101,45,101,0.3183910987108233,0.23610273115545102,18,-0.08228836755537225
trials-of-the-thief-taker,trajectories/random,126,97,30,97,0.3183910987108233,0.23610273115545102,18,-0.08228836755537225
trials-of-the-thief-taker,trajectories/random,127,107,30,107,0.3183910987108233,0.23610273115545102,18,-0.08228836755537225
trials-of-the-thief-taker,trajectories/random,126,106,10,106,0.3183910987108233,0.23610273115545102,18,-0.08228836755537225
trials-of-the-thief-taker,trajectories/random,136,145,60,145,0.3183910987108233,0.23610273115545102,18,-0.08228836755537225
trials-of-the-thief-taker,trajectories/random,124,116,100,116,0.3183910987108233,0.23610273115545102,18,-0.08228836755537225
versus-deathscapes,trajectories/random,89,47,153,47,0.8846476451363424,0.18770486342117326,19,-0.6969427817151692
versus-deathscapes,trajectories/random,104,46,180,46,0.8846476451363424,0.18770486342117326,19,-0.6969427817151692
versus-deathscapes,trajectories/random,124,48,175,48,0.8846476451363424,0.18770486342117326,19,-0.6969427817151692
versus-deathscapes,trajectories/random,126,52,154,52,0.8846476451363424,0.18770486342117326,19,-0.6969427817151692
versus-deathscapes,trajectories/random,58,21,87,21,0.8846476451363424,0.18770486342117326,19,-0.6969427817151692
versus-deathscapes,trajectories/random,119,52,149,52,0.8846476451363424,0.18770486342117326,19,-0.6969427817151692
versus-deathscapes,trajectories/random,130,51,179,51,0.8846476451363424,0.18770486342117326,19,-0.6969427817151692
versus-deathscapes,trajectories/random,127,46,178,46,0.8846476451363424,0.18770486342117326,19,-0.6969427817151692
versus-deathscapes,trajectories/random,58,23,77,23,0.8846476451363424,0.18770486342117326,19,-0.6969427817151692
versus-deathscapes,trajectories/random,60,23,72,23,0.8846476451363424,0.18770486342117326,19,-0.6969427817151692
versus-deathscapes,trajectories/random,94,43,138,43,0.8846476451363424,0.18770486342117326,19,-0.6969427817151692
versus-deathscapes,trajectories/random,111,49,160,49,0.8846476451363424,0.18770486342117326,19,-0.6969427817151692
versus-deathscapes,trajectories/random,108,53,189,53,0.8846476451363424,0.18770486342117326,19,-0.6969427817151692
versus-deathscapes,trajectories/random,108,58,159,58,0.8846476451363424,0.18770486342117326,19,-0.6969427817151692
versus-deathscapes,trajectories/random,118,51,179,51,0.8846476451363424,0.18770486342117326,19,-0.6969427817151692
versus-deathscapes,trajectories/random,119,53,159,53,0.8846476451363424,0.18770486342117326,19,-0.6969427817151692
versus-deathscapes,trajectories/random,87,50,128,50,0.8846476451363424,0.18770486342117326,19,-0.6969427817151692
versus-deathscapes,trajectories/random,102,50,174,50,0.8846476451363424,0.18770486342117326,19,-0.6969427817151692
versus-deathscapes,trajectories/random,51,22,72,22,0.8846476451363424,0.18770486342117326,19,-0.6969427817151692
versus-deathscapes,trajectories/random,112,52,185,52,0.8846476451363424,0.18770486342117326,19,-0.6969427817151692
versus-deathscapes,trajectories/random,107,50,164,50,0.8846476451363424,0.18770486342117326,19,-0.6969427817151692
versus-deathscapes,trajectories/random,121,52,159,52,0.8846476451363424,0.18770486342117326,19,-0.6969427817151692
versus-deathscapes,trajectories/random,84,45,134,45,0.8846476451363424,0.18770486342117326,19,-0.6969427817151692
versus-deathscapes,trajectories/random,101,56,164,56,0.8846476451363424,0.18770486342117326,19,-0.6969427817151692
versus-deathscapes,trajectories/random,97,43,129,43,0.8846476451363424,0.18770486342117326,19,-0.6969427817151692
battlemage,trajectories/random,140,104,100,104,0.25876715946863316,0.15593671355281877,20,-0.10283044591581439
battlemage,trajectories/random,131,97,30,97,0.25876715946863316,0.15593671355281877,20,-0.10283044591581439
battlemage,trajectories/random,132,115,70,115,0.25876715946863316,0.15593671355281877,20,-0.10283044591581439
battlemage,trajectories/random,125,88,130,88,0.25876715946863316,0.15593671355281877,20,-0.10283044591581439
battlemage,trajectories/random,125,90,30,90,0.25876715946863316,0.15593671355281877,20,-0.10283044591581439
battlemage,trajectories/random,126,86,120,86,0.25876715946863316,0.15593671355281877,20,-0.10283044591581439
battlemage,trajectories/random,131,92,100,92,0.25876715946863316,0.15593671355281877,20,-0.10283044591581439
battlemage,trajectories/random,131,104,130,104,0.25876715946863316,0.15593671355281877,20,-0.10283044591581439
battlemage,trajectories/random,125,75,50,75,0.25876715946863316,0.15593671355281877,20,-0.10283044591581439
battlemage,trajectories/random,129,95,120,95,0.25876715946863316,0.15593671355281877,20,-0.10283044591581439
battlemage,trajectories/random,129,97,100,97,0.25876715946863316,0.15593671355281877,20,-0.10283044591581439
battlemage,trajectories/random,126,95,130,95,0.25876715946863316,0.15593671355281877,20,-0.10283044591581439
battlemage,trajectories/random,128,84,150,84,0.25876715946863316,0.15593671355281877,20,-0.10283044591581439
battlemage,trajectories/random,132,89,70,89,0.25876715946863316,0.15593671355281877,20,-0.10283044591581439
battlemage,trajectories/random,127,84,40,84,0.25876715946863316,0.15593671355281877,20,-0.10283044591581439
battlemage,trajectories/random,122,72,40,72,0.25876715946863316,0.15593671355281877,20,-0.10283044591581439
battlemage,trajectories/random,127,109,10,109,0.25876715946863316,0.15593671355281877,20,-0.10283044591581439
battlemage,trajectories/random,128,86,30,86,0.25876715946863316,0.15593671355281877,20,-0.10283044591581439
battlemage,trajectories/random,133,89,170,89,0.25876715946863316,0.15593671355281877,20,-0.10283044591581439
battlemage,trajectories/random,132,79,50,79,0.25876715946863316,0.15593671355281877,20,-0.10283044591581439
battlemage,trajectories/random,130,81,50,81,0.25876715946863316,0.15593671355281877,20,-0.10283044591581439
battlemage,trajectories/random,125,95,200,95,0.25876715946863316,0.15593671355281877,20,-0.10283044591581439
battlemage,trajectories/random,120,67,10,67,0.25876715946863316,0.15593671355281877,20,-0.10283044591581439
battlemage,trajectories/random,134,90,80,90,0.25876715946863316,0.15593671355281877,20,-0.10283044591581439
battlemage,trajectories/random,128,78,60,78,0.25876715946863316,0.15593671355281877,20,-0.10283044591581439
fate-of-the-storm-gods,trajectories/random,215,64,50,64,0.5050200278032019,0.35931637722849086,21,-0.14570365057471102
fate-of-the-storm-gods,trajectories/random,229,57,40,57,0.5050200278032019,0.35931637722849086,21,-0.14570365057471102
fate-of-the-storm-gods,trajectories/random,223,59,50,59,0.5050200278032019,0.35931637722849086,21,-0.14570365057471102
fate-of-the-storm-gods,trajectories/random,207,49,70,49,0.5050200278032019,0.35931637722849086,21,-0.14570365057471102
fate-of-the-storm-gods,trajectories/random,203,41,50,41,0.5050200278032019,0.35931637722849086,21,-0.14570365057471102
fate-of-the-storm-gods,trajectories/random,219,68,130,68,0.5050200278032019,0.35931637722849086,21,-0.14570365057471102
fate-of-the-storm-gods,trajectories/random,220,49,30,49,0.5050200278032019,0.35931637722849086,21,-0.14570365057471102
fate-of-the-storm-gods,trajectories/random,211,59,40,59,0.5050200278032019,0.35931637722849086,21,-0.14570365057471102
fate-of-the-storm-gods,trajectories/random,212,70,50,70,0.5050200278032019,0.35931637722849086,21,-0.14570365057471102
fate-of-the-storm-gods,trajectories/random,216,47,50,47,0.5050200278032019,0.35931637722849086,21,-0.14570365057471102
fate-of-the-storm-gods,trajectories/random,201,47,30,47,0.5050200278032019,0.35931637722849086,21,-0.14570365057471102
fate-of-the-storm-gods,trajectories/random,199,51,80,51,0.5050200278032019,0.35931637722849086,21,-0.14570365057471102
fate-of-the-storm-gods,trajectories/random,229,60,60,60,0.5050200278032019,0.35931637722849086,21,-0.14570365057471102
fate-of-the-storm-gods,trajectories/random,225,46,50,46,0.5050200278032019,0.35931637722849086,21,-0.14570365057471102
fate-of-the-storm-gods,trajectories/random,216,70,110,70,0.5050200278032019,0.35931637722849086,21,-0.14570365057471102
fate-of-the-storm-gods,trajectories/random,216,61,120,61,0.5050200278032019,0.35931637722849086,21,-0.14570365057471102
fate-of-the-storm-gods,trajectories/random,216,50,40,50,0.5050200278032019,0.35931637722849086,21,-0.14570365057471102
fate-of-the-storm-gods,trajectories/random,195,57,50,57,0.5050200278032019,0.35931637722849086,21,-0.14570365057471102
fate-of-the-storm-gods,trajectories/random,226,63,60,63,0.5050200278032019,0.35931637722849086,21,-0.14570365057471102
fate-of-the-storm-gods,trajectories/random,227,56,50,56,0.5050200278032019,0.35931637722849086,21,-0.14570365057471102
fate-of-the-storm-gods,trajectories/random,216,58,60,58,0.5050200278032019,0.35931637722849086,21,-0.14570365057471102
fate-of-the-storm-gods,trajectories/random,219,55,60,55,0.5050200278032019,0.35931637722849086,21,-0.14570365057471102
fate-of-the-storm-gods,trajectories/random,222,40,40,40,0.5050200278032019,0.35931637722849086,21,-0.14570365057471102
fate-of-the-storm-gods,trajectories/random,217,55,100,55,0.5050200278032019,0.35931637722849086,21,-0.14570365057471102
fate-of-the-storm-gods,trajectories/random,203,43,40,43,0.5050200278032019,0.35931637722849086,21,-0.14570365057471102
mysteries-of-baroque,trajectories/random,120,74,70,74,-0.15687154992115596,0.17806336248960677,22,0.33493491241076273
mysteries-of-baroque,trajectories/random,116,65,50,65,-0.15687154992115596,0.17806336248960677,22,0.33493491241076273
mysteries-of-baroque,trajectories/random,124,80,40,80,-0.15687154992115596,0.17806336248960677,22,0.33493491241076273
mysteries-of-baroque,trajectories/random,125,79,60,79,-0.15687154992115596,0.17806336248960677,22,0.33493491241076273
mysteries-of-baroque,trajectories/random,130,64,80,64,-0.15687154992115596,0.17806336248960677,22,0.33493491241076273
mysteries-of-baroque,trajectories/random,124,82,50,82,-0.15687154992115596,0.17806336248960677,22,0.33493491241076273
mysteries-of-baroque,trajectories/random,135,80,80,80,-0.15687154992115596,0.17806336248960677,22,0.33493491241076273
mysteries-of-baroque,trajectories/random,135,66,40,66,-0.15687154992115596,0.17806336248960677,22,0.33493491241076273
mysteries-of-baroque,trajectories/random,120,55,80,55,-0.15687154992115596,0.17806336248960677,22,0.33493491241076273
mysteries-of-baroque,trajectories/random,121,63,60,63,-0.15687154992115596,0.17806336248960677,22,0.33493491241076273
mysteries-of-baroque,trajectories/random,133,75,90,75,-0.15687154992115596,0.17806336248960677,22,0.33493491241076273
mysteries-of-baroque,trajectories/random,130,71,80,71,-0.15687154992115596,0.17806336248960677,22,0.33493491241076273
mysteries-of-baroque,trajectories/random,121,70,10,70,-0.15687154992115596,0.17806336248960677,22,0.33493491241076273
mysteries-of-baroque,trajectories/random,118,76,30,76,-0.15687154992115596,0.17806336248960677,22,0.33493491241076273
mysteries-of-baroque,trajectories/random,126,67,100,67,-0.15687154992115596,0.17806336248960677,22,0.33493491241076273
mysteries-of-baroque,trajectories/random,127,68,60,68,-0.15687154992115596,0.17806336248960677,22,0.33493491241076273
mysteries-of-baroque,trajectories/random,123,55,70,55,-0.15687154992115596,0.17806336248960677,22,0.33493491241076273
mysteries-of-baroque,trajectories/random,124,70,10,70,-0.15687154992115596,0.17806336248960677,22,0.33493491241076273
mysteries-of-baroque,trajectories/random,117,51,90,51,-0.15687154992115596,0.17806336248960677,22,0.33493491241076273
mysteries-of-baroque,trajectories/random,132,73,50,73,-0.15687154992115596,0.17806336248960677,22,0.33493491241076273
mysteries-of-baroque,trajectories/random,132,85,110,85,-0.15687154992115596,0.17806336248960677,22,0.33493491241076273
mysteries-of-baroque,trajectories/random,122,73,40,73,-0.15687154992115596,0.17806336248960677,22,0.33493491241076273
mysteries-of-baroque,trajectories/random,128,81,30,81,-0.15687154992115596,0.17806336248960677,22,0.33493491241076273
mysteries-of-baroque,trajectories/random,123,59,50,59,-0.15687154992115596,0.17806336248960677,22,0.33493491241076273
mysteries-of-baroque,trajectories/random,135,89,50,89,-0.15687154992115596,0.17806336248960677,22,0.33493491241076273
hero-of-kendrickstone,trajectories/random,102,48,60,48,0.5618770663072158,0.4639784504987383,23,-0.09789861580847747
hero-of-kendrickstone,trajectories/random,114,71,95,71,0.5618770663072158,0.4639784504987383,23,-0.09789861580847747
hero-of-kendrickstone,trajectories/random,108,71,80,71,0.5618770663072158,0.4639784504987383,23,-0.09789861580847747
hero-of-kendrickstone,trajectories/random,102,92,100,92,0.5618770663072158,0.4639784504987383,23,-0.09789861580847747
hero-of-kendrickstone,trajectories/random,102,67,25,67,0.5618770663072158,0.4639784504987383,23,-0.09789861580847747
hero-of-kendrickstone,trajectories/random,97,78,55,78,0.5618770663072158,0.4639784504987383,23,-0.09789861580847747
hero-of-kendrickstone,trajectories/random,108,68,50,68,0.5618770663072158,0.4639784504987383,23,-0.09789861580847747
hero-of-kendrickstone,trajectories/random,106,54,35,54,0.5618770663072158,0.4639784504987383,23,-0.09789861580847747
hero-of-kendrickstone,trajectories/random,90,71,30,71,0.5618770663072158,0.4639784504987383,23,-0.09789861580847747
hero-of-kendrickstone,trajectories/random,99,51,55,51,0.5618770663072158,0.4639784504987383,23,-0.09789861580847747
hero-of-kendrickstone,trajectories/random,108,78,45,78,0.5618770663072158,0.4639784504987383,23,-0.09789861580847747
hero-of-kendrickstone,trajectories/random,90,50,45,50,0.5618770663072158,0.4639784504987383,23,-0.09789861580847747
hero-of-kendrickstone,trajectories/random,110,63,60,63,0.5618770663072158,0.4639784504987383,23,-0.09789861580847747
hero-of-kendrickstone,trajectories/random,101,59,40,59,0.5618770663072158,0.4639784504987383,23,-0.09789861580847747
hero-of-kendrickstone,trajectories/random,105,50,40,50,0.5618770663072158,0.4639784504987383,23,-0.09789861580847747
hero-of-kendrickstone,trajectories/random,97,65,40,65,0.5618770663072158,0.4639784504987383,23,-0.09789861580847747
hero-of-kendrickstone,trajectories/random,112,92,120,92,0.5618770663072158,0.4639784504987383,23,-0.09789861580847747
hero-of-kendrickstone,trajectories/random,85,60,40,60,0.5618770663072158,0.4639784504987383,23,-0.09789861580847747
hero-of-kendrickstone,trajectories/random,95,49,55,49,0.5618770663072158,0.4639784504987383,23,-0.09789861580847747
hero-of-kendrickstone,trajectories/random,103,76,80,76,0.5618770663072158,0.4639784504987383,23,-0.09789861580847747
hero-of-kendrickstone,trajectories/random,110,57,45,57,0.5618770663072158,0.4639784504987383,23,-0.09789861580847747
hero-of-kendrickstone,trajectories/random,86,63,45,63,0.5618770663072158,0.4639784504987383,23,-0.09789861580847747
hero-of-kendrickstone,trajectories/random,102,61,40,61,0.5618770663072158,0.4639784504987383,23,-0.09789861580847747
hero-of-kendrickstone,trajectories/random,96,78,60,78,0.5618770663072158,0.4639784504987383,23,-0.09789861580847747
hero-of-kendrickstone,trajectories/random,109,64,100,64,0.5618770663072158,0.4639784504987383,23,-0.09789861580847747
heroes-of-myth,trajectories/random,281,122,205,122,0.06175481753578228,0.1574304950636142,24,0.09567567752783192
heroes-of-myth,trajectories/random,259,110,25,110,0.06175481753578228,0.1574304950636142,24,0.09567567752783192
heroes-of-myth,trajectories/random,293,126,215,126,0.06175481753578228,0.1574304950636142,24,0.09567567752783192
heroes-of-myth,trajectories/random,290,123,175,123,0.06175481753578228,0.1574304950636142,24,0.09567567752783192
heroes-of-myth,trajectories/random,294,116,205,116,0.06175481753578228,0.1574304950636142,24,0.09567567752783192
heroes-of-myth,trajectories/random,284,116,165,116,0.06175481753578228,0.1574304950636142,24,0.09567567752783192
heroes-of-myth,trajectories/random,282,113,155,113,0.06175481753578228,0.1574304950636142,24,0.09567567752783192
heroes-of-myth,trajectories/random,290,106,255,106,0.06175481753578228,0.1574304950636142,24,0.09567567752783192
heroes-of-myth,trajectories/random,276,121,210,121,0.06175481753578228,0.1574304950636142,24,0.09567567752783192
heroes-of-myth,trajectories/random,285,106,265,106,0.06175481753578228,0.1574304950636142,24,0.09567567752783192
heroes-of-myth,trajectories/random,289,130,190,130,0.06175481753578228,0.1574304950636142,24,0.09567567752783192
heroes-of-myth,trajectories/random,291,133,280,133,0.06175481753578228,0.1574304950636142,24,0.09567567752783192
heroes-of-myth,trajectories/random,267,114,185,114,0.06175481753578228,0.1574304950636142,24,0.09567567752783192
heroes-of-myth,trajectories/random,274,107,205,107,0.06175481753578228,0.1574304950636142,24,0.09567567752783192
heroes-of-myth,trajectories/random,291,121,230,121,0.06175481753578228,0.1574304950636142,24,0.09567567752783192
heroes-of-myth,trajectories/random,292,104,205,104,0.06175481753578228,0.1574304950636142,24,0.09567567752783192
heroes-of-myth,trajectories/random,284,124,240,124,0.06175481753578228,0.1574304950636142,24,0.09567567752783192
heroes-of-myth,trajectories/random,271,114,40,114,0.06175481753578228,0.1574304950636142,24,0.09567567752783192
heroes-of-myth,trajectories/random,290,120,200,120,0.06175481753578228,0.1574304950636142,24,0.09567567752783192
heroes-of-myth,trajectories/random,293,127,165,127,0.06175481753578228,0.1574304950636142,24,0.09567567752783192
heroes-of-myth,trajectories/random,294,110,335,110,0.06175481753578228,0.1574304950636142,24,0.09567567752783192
heroes-of-myth,trajectories/random,272,117,180,117,0.06175481753578228,0.1574304950636142,24,0.09567567752783192
heroes-of-myth,trajectories/random,287,125,195,125,0.06175481753578228,0.1574304950636142,24,0.09567567752783192
heroes-of-myth,trajectories/random,273,118,200,118,0.06175481753578228,0.1574304950636142,24,0.09567567752783192
heroes-of-myth,trajectories/random,267,114,225,114,0.06175481753578228,0.1574304950636142,24,0.09567567752783192
pendragon-rising,trajectories/random,75,52,35,52,0.48651865280279283,0.29891286865186867,25,-0.18760578415092416
pendragon-rising,trajectories/random,85,57,185,57,0.48651865280279283,0.29891286865186867,25,-0.18760578415092416
pendragon-rising,trajectories/random,71,61,60,61,0.48651865280279283,0.29891286865186867,25,-0.18760578415092416
pendragon-rising,trajectories/random,92,67,210,67,0.48651865280279283,0.29891286865186867,25,-0.18760578415092416
pendragon-rising,trajectories/random,83,64,160,64,0.48651865280279283,0.29891286865186867,25,-0.18760578415092416
pendragon-rising,trajectories/random,88,74,260,74,0.48651865280279283,0.29891286865186867,25,-0.18760578415092416
pendragon-rising,trajectories/random,86,58,260,58,0.48651865280279283,0.29891286865186867,25,-0.18760578415092416
pendragon-rising,trajectories/random,85,66,135,66,0.48651865280279283,0.29891286865186867,25,-0.18760578415092416
pendragon-rising,trajectories/random,85,68,210,68,0.48651865280279283,0.29891286865186867,25,-0.18760578415092416
pendragon-rising,trajectories/random,71,49,110,49,0.48651865280279283,0.29891286865186867,25,-0.18760578415092416
pendragon-rising,trajectories/random,88,52,135,52,0.48651865280279283,0.29891286865186867,25,-0.18760578415092416
pendragon-rising,trajectories/random,86,58,160,58,0.48651865280279283,0.29891286865186867,25,-0.18760578415092416
pendragon-rising,trajectories/random,72,50,60,50,0.48651865280279283,0.29891286865186867,25,-0.18760578415092416
pendragon-rising,trajectories/random,84,53,160,53,0.48651865280279283,0.29891286865186867,25,-0.18760578415092416
pendragon-rising,trajectories/random,66,47,35,47,0.48651865280279283,0.29891286865186867,25,-0.18760578415092416
pendragon-rising,trajectories/random,69,40,135,40,0.48651865280279283,0.29891286865186867,25,-0.18760578415092416
pendragon-rising,trajectories/random,67,62,60,62,0.48651865280279283,0.29891286865186867,25,-0.18760578415092416
pendragon-rising,trajectories/random,74,49,160,49,0.48651865280279283,0.29891286865186867,25,-0.18760578415092416
pendragon-rising,trajectories/random,74,55,85,55,0.48651865280279283,0.29891286865186867,25,-0.18760578415092416
pendragon-rising,trajectories/random,84,59,135,59,0.48651865280279283,0.29891286865186867,25,-0.18760578415092416
pendragon-rising,trajectories/random,86,64,285,64,0.48651865280279283,0.29891286865186867,25,-0.18760578415092416
pendragon-rising,trajectories/random,81,60,210,60,0.48651865280279283,0.29891286865186867,25,-0.18760578415092416
pendragon-rising,trajectories/random,84,59,260,59,0.48651865280279283,0.29891286865186867,25,-0.18760578415092416
pendragon-rising,trajectories/random,83,65,260,65,0.48651865280279283,0.29891286865186867,25,-0.18760578415092416
pendragon-rising,trajectories/random,91,54,260,54,0.48651865280279283,0.29891286865186867,25,-0.18760578415092416
undercover-agent,trajectories/random,96,143,110,143,0.285386132417182,0.16195840581955057,26,-0.12342772659763146
undercover-agent,trajectories/random,99,137,145,137,0.285386132417182,0.16195840581955057,26,-0.12342772659763146
undercover-agent,trajectories/random,94,137,165,137,0.285386132417182,0.16195840581955057,26,-0.12342772659763146
undercover-agent,trajectories/random,100,140,95,140,0.285386132417182,0.16195840581955057,26,-0.12342772659763146
undercover-agent,trajectories/random,95,134,155,134,0.285386132417182,0.16195840581955057,26,-0.12342772659763146
undercover-agent,trajectories/random,107,149,85,149,0.285386132417182,0.16195840581955057,26,-0.12342772659763146
undercover-agent,trajectories/random,98,149,120,149,0.285386132417182,0.16195840581955057,26,-0.12342772659763146
undercover-agent,trajectories/random,94,139,60,139,0.285386132417182,0.16195840581955057,26,-0.12342772659763146
undercover-agent,trajectories/random,101,137,105,137,0.285386132417182,0.16195840581955057,26,-0.12342772659763146
undercover-agent,trajectories/random,97,113,60,113,0.285386132417182,0.16195840581955057,26,-0.12342772659763146
undercover-agent,trajectories/random,96,124,35,124,0.285386132417182,0.16195840581955057,26,-0.12342772659763146
undercover-agent,trajectories/random,94,128,50,128,0.285386132417182,0.16195840581955057,26,-0.12342772659763146
undercover-agent,trajectories/random,95,138,100,138,0.285386132417182,0.16195840581955057,26,-0.12342772659763146
undercover-agent,trajectories/random,88,119,35,119,0.285386132417182,0.16195840581955057,26,-0.12342772659763146
undercover-agent,trajectories/random,83,120,45,120,0.285386132417182,0.16195840581955057,26,-0.12342772659763146
undercover-agent,trajectories/random,99,132,160,132,0.285386132417182,0.16195840581955057,26,-0.12342772659763146
undercover-agent,trajectories/random,107,128,70,128,0.285386132417182,0.16195840581955057,26,-0.12342772659763146
undercover-agent,trajectories/random,90,123,180,123,0.285386132417182,0.16195840581955057,26,-0.12342772659763146
undercover-agent,trajectories/random,91,128,60,128,0.285386132417182,0.16195840581955057,26,-0.12342772659763146
undercover-agent,trajectories/random,87,130,70,130,0.285386132417182,0.16195840581955057,26,-0.12342772659763146
undercover-agent,trajectories/random,91,128,25,128,0.285386132417182,0.16195840581955057,26,-0.12342772659763146
undercover-agent,trajectories/random,90,119,120,119,0.285386132417182,0.16195840581955057,26,-0.12342772659763146
undercover-agent,trajectories/random,86,137,70,137,0.285386132417182,0.16195840581955057,26,-0.12342772659763146
undercover-agent,trajectories/random,93,135,70,135,0.285386132417182,0.16195840581955057,26,-0.12342772659763146
undercover-agent,trajectories/random,102,139,70,139,0.285386132417182,0.16195840581955057,26,-0.12342772659763146
versus-the-lost-ones,trajectories/random,92,69,265,69,-0.05918193494280491,0.11695205987131153,27,0.17613399481411646
versus-the-lost-ones,trajectories/random,89,59,245,59,-0.05918193494280491,0.11695205987131153,27,0.17613399481411646
versus-the-lost-ones,trajectories/random,93,71,225,71,-0.05918193494280491,0.11695205987131153,27,0.17613399481411646
versus-the-lost-ones,trajectories/random,93,68,230,68,-0.05918193494280491,0.11695205987131153,27,0.17613399481411646
versus-the-lost-ones,trajectories/random,95,61,245,61,-0.05918193494280491,0.11695205987131153,27,0.17613399481411646
versus-the-lost-ones,trajectories/random,92,59,270,59,-0.05918193494280491,0.11695205987131153,27,0.17613399481411646
versus-the-lost-ones,trajectories/random,91,60,260,60,-0.05918193494280491,0.11695205987131153,27,0.17613399481411646
versus-the-lost-ones,trajectories/random,89,57,245,57,-0.05918193494280491,0.11695205987131153,27,0.17613399481411646
versus-the-lost-ones,trajectories/random,95,59,305,59,-0.05918193494280491,0.11695205987131153,27,0.17613399481411646
versus-the-lost-ones,trajectories/random,92,52,250,52,-0.05918193494280491,0.11695205987131153,27,0.17613399481411646
versus-the-lost-ones,trajectories/random,94,70,255,70,-0.05918193494280491,0.11695205987131153,27,0.17613399481411646
versus-the-lost-ones,trajectories/random,91,55,265,55,-0.05918193494280491,0.11695205987131153,27,0.17613399481411646
versus-the-lost-ones,trajectories/random,94,74,240,74,-0.05918193494280491,0.11695205987131153,27,0.17613399481411646
versus-the-lost-ones,trajectories/random,92,58,200,58,-0.05918193494280491,0.11695205987131153,27,0.17613399481411646
versus-the-lost-ones,trajectories/random,93,59,255,59,-0.05918193494280491,0.11695205987131153,27,0.17613399481411646
versus-the-lost-ones,trajectories/random,95,65,265,65,-0.05918193494280491,0.11695205987131153,27,0.17613399481411646
versus-the-lost-ones,trajectories/random,94,67,235,67,-0.05918193494280491,0.11695205987131153,27,0.17613399481411646
versus-the-lost-ones,trajectories/random,91,66,245,66,-0.05918193494280491,0.11695205987131153,27,0.17613399481411646
versus-the-lost-ones,trajectories/random,90,70,270,70,-0.05918193494280491,0.11695205987131153,27,0.17613399481411646
versus-the-lost-ones,trajectories/random,92,57,225,57,-0.05918193494280491,0.11695205987131153,27,0.17613399481411646
versus-the-lost-ones,trajectories/random,97,70,255,70,-0.05918193494280491,0.11695205987131153,27,0.17613399481411646
versus-the-lost-ones,trajectories/random,88,69,250,69,-0.05918193494280491,0.11695205987131153,27,0.17613399481411646
versus-the-lost-ones,trajectories/random,91,62,235,62,-0.05918193494280491,0.11695205987131153,27,0.17613399481411646
versus-the-lost-ones,trajectories/random,91,66,245,66,-0.05918193494280491,0.11695205987131153,27,0.17613399481411646
versus-the-lost-ones,trajectories/random,95,66,245,66,-0.05918193494280491,0.11695205987131153,27,0.17613399481411646
slammed,trajectories/random,254,112,150,112,0.7963013540443866,0.24413392618985494,28,-0.5521674278545317
slammed,trajectories/random,236,142,155,142,0.7963013540443866,0.24413392618985494,28,-0.5521674278545317
slammed,trajectories/random,252,120,95,120,0.7963013540443866,0.24413392618985494,28,-0.5521674278545317
slammed,trajectories/random,175,82,45,82,0.7963013540443866,0.24413392618985494,28,-0.5521674278545317
slammed,trajectories/random,165,90,55,90,0.7963013540443866,0.24413392618985494,28,-0.5521674278545317
slammed,trajectories/random,241,140,115,140,0.7963013540443866,0.24413392618985494,28,-0.5521674278545317
slammed,trajectories/random,254,114,135,114,0.7963013540443866,0.24413392618985494,28,-0.5521674278545317
slammed,trajectories/random,281,114,90,114,0.7963013540443866,0.24413392618985494,28,-0.5521674278545317
slammed,trajectories/random,243,132,145,132,0.7963013540443866,0.24413392618985494,28,-0.5521674278545317
slammed,trajectories/random,258,111,125,111,0.7963013540443866,0.24413392618985494,28,-0.5521674278545317
slammed,trajectories/random,177,83,75,83,0.7963013540443866,0.24413392618985494,28,-0.5521674278545317
slammed,trajectories/random,176,85,65,85,0.7963013540443866,0.24413392618985494,28,-0.5521674278545317
slammed,trajectories/random,253,128,150,128,0.7963013540443866,0.24413392618985494,28,-0.5521674278545317
slammed,trajectories/random,253,144,105,144,0.7963013540443866,0.24413392618985494,28,-0.5521674278545317
slammed,trajectories/random,274,132,115,132,0.7963013540443866,0.24413392618985494,28,-0.5521674278545317
slammed,trajectories/random,259,122,130,122,0.7963013540443866,0.24413392618985494,28,-0.5521674278545317
slammed,trajectories/random,173,84,35,84,0.7963013540443866,0.24413392618985494,28,-0.5521674278545317
slammed,trajectories/random,266,129,140,129,0.7963013540443866,0.24413392618985494,28,-0.5521674278545317
slammed,trajectories/random,234,130,150,130,0.7963013540443866,0.24413392618985494,28,-0.5521674278545317
slammed,trajectories/random,260,123,135,123,0.7963013540443866,0.24413392618985494,28,-0.5521674278545317
slammed,trajectories/random,249,123,120,123,0.7963013540443866,0.24413392618985494,28,-0.5521674278545317
slammed,trajectories/random,253,139,120,139,0.7963013540443866,0.24413392618985494,28,-0.5521674278545317
slammed,trajectories/random,265,106,95,106,0.7963013540443866,0.24413392618985494,28,-0.5521674278545317
slammed,trajectories/random,171,90,45,90,0.7963013540443866,0.24413392618985494,28,-0.5521674278545317
slammed,trajectories/random,267,120,130,120,0.7963013540443866,0.24413392618985494,28,-0.5521674278545317
hero-project-open-season,trajectories/random,148,49,325,49,-0.1701023119701183,0.06793482399198672,29,0.23803713596210502
hero-project-open-season,trajectories/random,149,60,275,60,-0.1701023119701183,0.06793482399198672,29,0.23803713596210502
hero-project-open-season,trajectories/random,149,51,325,51,-0.1701023119701183,0.06793482399198672,29,0.23803713596210502
hero-project-open-season,trajectories/random,145,63,215,63,-0.1701023119701183,0.06793482399198672,29,0.23803713596210502
hero-project-open-season,trajectories/random,149,60,265,60,-0.1701023119701183,0.06793482399198672,29,0.23803713596210502
hero-project-open-season,trajectories/random,153,53,285,53,-0.1701023119701183,0.06793482399198672,29,0.23803713596210502
hero-project-open-season,trajectories/random,146,51,280,51,-0.1701023119701183,0.06793482399198672,29,0.23803713596210502
hero-project-open-season,trajectories/random,154,54,255,54,-0.1701023119701183,0.06793482399198672,29,0.23803713596210502
hero-project-open-season,trajectories/random,150,63,240,63,-0.1701023119701183,0.06793482399198672,29,0.23803713596210502
hero-project-open-season,trajectories/random,146,56,235,56,-0.1701023119701183,0.06793482399198672,29,0.23803713596210502
hero-project-open-season,trajectories/random,148,70,270,70,-0.1701023119701183,0.06793482399198672,29,0.23803713596210502
hero-project-open-season,trajectories/random,147,52,225,52,-0.1701023119701183,0.06793482399198672,29,0.23803713596210502
hero-project-open-season,trajectories/random,146,60,215,60,-0.1701023119701183,0.06793482399198672,29,0.23803713596210502
hero-project-open-season,trajectories/random,149,46,220,46,-0.1701023119701183,0.06793482399198672,29,0.23803713596210502
hero-project-open-season,trajectories/random,152,49,285,49,-0.1701023119701183,0.06793482399198672,29,0.23803713596210502
hero-project-open-season,trajectories/random,151,51,340,51,-0.1701023119701183,0.06793482399198672,29,0.23803713596210502
hero-project-open-season,trajectories/random,144,60,280,60,-0.1701023119701183,0.06793482399198672,29,0.23803713596210502
hero-project-open-season,trajectories/random,146,64,250,64,-0.1701023119701183,0.06793482399198672,29,0.23803713596210502
hero-project-open-season,trajectories/random,149,52,220,52,-0.1701023119701183,0.06793482399198672,29,0.23803713596210502
hero-project-open-season,trajectories/random,152,54,200,54,-0.1701023119701183,0.06793482399198672,29,0.23803713596210502
hero-project-open-season,trajectories/random,147,51,210,51,-0.1701023119701183,0.06793482399198672,29,0.23803713596210502
hero-project-open-season,trajectories/random,149,56,265,56,-0.1701023119701183,0.06793482399198672,29,0.23803713596210502
hero-project-open-season,trajectories/random,153,55,280,55,-0.1701023119701183,0.06793482399198672,29,0.23803713596210502
hero-project-open-season,trajectories/random,146,52,230,52,-0.1701023119701183,0.06793482399198672,29,0.23803713596210502
hero-project-open-season,trajectories/random,152,52,290,52,-0.1701023119701183,0.06793482399198672,29,0.23803713596210502
cliffhanger,trajectories/random,192,95,210,95,0.4035396207301875,0.2785783470178111,30,-0.12496127371237642
cliffhanger,trajectories/random,175,69,120,69,0.4035396207301875,0.2785783470178111,30,-0.12496127371237642
cliffhanger,trajectories/random,182,80,80,80,0.4035396207301875,0.2785783470178111,30,-0.12496127371237642
cliffhanger,trajectories/random,176,80,160,80,0.4035396207301875,0.2785783470178111,30,-0.12496127371237642
cliffhanger,trajectories/random,169,53,50,53,0.4035396207301875,0.2785783470178111,30,-0.12496127371237642
cliffhanger,trajectories/random,160,62,40,62,0.4035396207301875,0.2785783470178111,30,-0.12496127371237642
cliffhanger,trajectories/random,187,74,170,74,0.4035396207301875,0.2785783470178111,30,-0.12496127371237642
cliffhanger,trajectories/random,169,76,70,76,0.4035396207301875,0.2785783470178111,30,-0.12496127371237642
cliffhanger,trajectories/random,167,72,100,72,0.4035396207301875,0.2785783470178111,30,-0.12496127371237642
cliffhanger,trajectories/random,177,72,150,72,0.4035396207301875,0.2785783470178111,30,-0.12496127371237642
cliffhanger,trajectories/random,174,71,120,71,0.4035396207301875,0.2785783470178111,30,-0.12496127371237642
cliffhanger,trajectories/random,171,64,80,64,0.4035396207301875,0.2785783470178111,30,-0.12496127371237642
cliffhanger,trajectories/random,175,64,70,64,0.4035396207301875,0.2785783470178111,30,-0.12496127371237642
cliffhanger,trajectories/random,176,68,260,68,0.4035396207301875,0.2785783470178111,30,-0.12496127371237642
cliffhanger,trajectories/random,168,73,130,73,0.4035396207301875,0.2785783470178111,30,-0.12496127371237642
cliffhanger,trajectories/random,171,75,150,75,0.4035396207301875,0.2785783470178111,30,-0.12496127371237642
cliffhanger,trajectories/random,173,80,80,80,0.4035396207301875,0.2785783470178111,30,-0.12496127371237642
cliffhanger,trajectories/random,177,77,170,77,0.4035396207301875,0.2785783470178111,30,-0.12496127371237642
cliffhanger,trajectories/random,177,73,180,73,0.4035396207301875,0.2785783470178111,30,-0.12496127371237642
cliffhanger,trajectories/random,169,66,70,66,0.4035396207301875,0.2785783470178111,30,-0.12496127371237642
cliffhanger,trajectories/random,170,68,160,68,0.4035396207301875,0.2785783470178111,30,-0.12496127371237642
cliffhanger,trajectories/random,178,75,180,75,0.4035396207301875,0.2785783470178111,30,-0.12496127371237642
cliffhanger,trajectories/random,176,65,60,65,0.4035396207301875,0.2785783470178111,30,-0.12496127371237642
cliffhanger,trajectories/random,176,71,110,71,0.4035396207301875,0.2785783470178111,30,-0.12496127371237642
cliffhanger,trajectories/random,176,56,160,56,0.4035396207301875,0.2785783470178111,30,-0.12496127371237642
